{
    "total_axles": 2,
    "lifted_axles": 0,
    "total_wheels": 2,
    "output_path": "output\\frame_000830_20250814_083748.jpg",
    "ground_line_slope": -0.5284552845528451,
    "ground_line_intercept": 316.25203252032514,
    "axles": [
        {
            "index": 0,
            "wheels": 1,
            "is_lifted": false,
            "confidence": 0.8513791561126709,
            "position": [
                167,
                205
            ]
        },
        {
            "index": 1,
            "wheels": 1,
            "is_lifted": false,
            "confidence": 0.8611932396888733,
            "position": [
                290,
                144
            ]
        }
    ],
    "axle_details": [
        {
            "axle_number": 1,
            "wheels": 1,
            "confidence": 0.8513791561126709,
            "status": "No Chao",
            "position": [
                167,
                205
            ]
        },
        {
            "axle_number": 2,
            "wheels": 1,
            "confidence": 0.8611932396888733,
            "status": "No Chao",
            "position": [
                290,
                144
            ]
        }
    ],
    "axles_on_ground": 2,
    "average_confidence": 0.8562861979007721
}