{
    "total_axles": 2,
    "lifted_axles": 0,
    "total_wheels": 2,
    "output_path": "output\\frame_001177_20250814_084006.jpg",
    "ground_line_slope": -0.5219512195121951,
    "ground_line_intercept": 322.5560975609756,
    "axles": [
        {
            "index": 0,
            "wheels": 1,
            "is_lifted": false,
            "confidence": 0.8414173722267151,
            "position": [
                162,
                206
            ]
        },
        {
            "index": 1,
            "wheels": 1,
            "is_lifted": false,
            "confidence": 0.7692064046859741,
            "position": [
                367,
                107
            ]
        }
    ],
    "axle_details": [
        {
            "axle_number": 1,
            "wheels": 1,
            "confidence": 0.8414173722267151,
            "status": "No Chao",
            "position": [
                162,
                206
            ]
        },
        {
            "axle_number": 2,
            "wheels": 1,
            "confidence": 0.7692064046859741,
            "status": "No Chao",
            "position": [
                367,
                107
            ]
        }
    ],
    "axles_on_ground": 2,
    "average_confidence": 0.8053118884563446
}